﻿<?xml version="1.0" encoding="utf-8"?>
<LEConfig>
  <Profiles>
    <Profile Name="Run in Japanese" Guid="4c6ddc82-5bb6-4a3f-b07a-d887f76f0c13" MainMenu="false">
      <Parameter></Parameter>
      <Location>ja-JP</Location>
      <Timezone>Tokyo Standard Time</Timezone>
      <RunAsAdmin>false</RunAsAdmin>
      <RedirectRegistry>true</RedirectRegistry>
      <IsAdvancedRedirection>false</IsAdvancedRedirection>
      <RunWithSuspend>false</RunWithSuspend>
    </Profile>
    <Profile Name="Run in Japanese (Admin)" Guid="2f816db4-1b0c-4bb3-8631-641963a5acad" MainMenu="false">
      <Parameter></Parameter>
      <Location>ja-JP</Location>
      <Timezone>Tokyo Standard Time</Timezone>
      <RunAsAdmin>true</RunAsAdmin>
      <RedirectRegistry>true</RedirectRegistry>
      <IsAdvancedRedirection>false</IsAdvancedRedirection>
      <RunWithSuspend>false</RunWithSuspend>
    </Profile>
    <Profile Name="Chinese Simplified" Guid="69015999-0232-4743-986c-09b557bf28d6" MainMenu="false">
      <Parameter></Parameter>
      <Location>zh-Hans</Location>
      <Timezone>China Standard Time</Timezone>
      <RunAsAdmin>false</RunAsAdmin>
      <RedirectRegistry>true</RedirectRegistry>
      <IsAdvancedRedirection>true</IsAdvancedRedirection>
      <RunWithSuspend>false</RunWithSuspend>
    </Profile>
  </Profiles>
</LEConfig>